test,comparison,year,level,share_disadvantaged_pct,share_not_disadvantaged_pct,odds_disadvantaged,odds_not_disadvantaged,odds_ratio_not_over_disadvantaged
CAASPP grade 11 mathematics,all California students,2015,standard exceeded (level 4),5.0,19.0,0.0526,0.2346,4.4601
CAASPP grade 11 mathematics,all California students,2015,standard met or exceeded (levels 3-4),19.0,43.0,0.2346,0.7544,3.2157
CAASPP grade 11 mathematics,all California students,2015,"standard met, not exceeded (level 3)",14.0,24.0,0.1628,0.3158,1.9398
CAASPP grade 11 mathematics,all California students,2015,standard nearly met (level 2),25.0,25.0,0.3333,0.3333,1.0
CAASPP grade 11 mathematics,all California students,2015,standard not met (level 1),56.0,32.0,1.2727,0.4706,0.3698
CAASPP grade 11 mathematics,all California students,2016,standard exceeded (level 4),6.0,22.0,0.0638,0.2821,4.4216
CAASPP grade 11 mathematics,all California students,2016,standard met or exceeded (levels 3-4),21.0,48.0,0.2658,0.9231,3.4729
CAASPP grade 11 mathematics,all California students,2016,"standard met, not exceeded (level 3)",15.0,26.0,0.1765,0.3514,1.9909
CAASPP grade 11 mathematics,all California students,2016,standard nearly met (level 2),25.0,24.0,0.3333,0.3158,0.9475
CAASPP grade 11 mathematics,all California students,2016,standard not met (level 1),54.0,28.0,1.1739,0.3889,0.3313
CAASPP grade 11 mathematics,all California students,2017,standard exceeded (level 4),5.86,21.91,0.0622,0.2806,4.5113
CAASPP grade 11 mathematics,all California students,2017,standard met or exceeded (levels 3-4),20.46,46.99,0.2572,0.8864,3.4463
CAASPP grade 11 mathematics,all California students,2017,"standard met, not exceeded (level 3)",14.6,25.09,0.171,0.3349,1.9585
CAASPP grade 11 mathematics,all California students,2017,standard nearly met (level 2),23.68,23.58,0.3103,0.3086,0.9945
CAASPP grade 11 mathematics,all California students,2017,standard not met (level 1),55.86,29.42,1.2655,0.4168,0.3294
CAASPP grade 11 mathematics,all California students,2018,standard exceeded (level 4),6.05,22.26,0.0644,0.2863,4.4457
CAASPP grade 11 mathematics,all California students,2018,standard met or exceeded (levels 3-4),20.27,46.56,0.2542,0.8713,3.4276
CAASPP grade 11 mathematics,all California students,2018,"standard met, not exceeded (level 3)",14.23,24.3,0.1659,0.321,1.9349
CAASPP grade 11 mathematics,all California students,2018,standard nearly met (level 2),22.76,22.96,0.2947,0.298,1.0112
CAASPP grade 11 mathematics,all California students,2018,standard not met (level 1),56.97,30.48,1.324,0.4384,0.3311
CAASPP grade 11 mathematics,all California students,2019,standard exceeded (level 4),6.56,23.67,0.0702,0.3101,4.4174
CAASPP grade 11 mathematics,all California students,2019,standard met or exceeded (levels 3-4),20.93,47.47,0.2647,0.9037,3.4141
CAASPP grade 11 mathematics,all California students,2019,"standard met, not exceeded (level 3)",14.37,23.8,0.1678,0.3123,1.8611
CAASPP grade 11 mathematics,all California students,2019,standard nearly met (level 2),22.33,22.21,0.2875,0.2855,0.993
CAASPP grade 11 mathematics,all California students,2019,standard not met (level 1),56.74,30.32,1.3116,0.4351,0.3317
CAASPP grade 11 mathematics,all California students,2021,standard exceeded (level 4),7.57,26.15,0.0819,0.3541,4.3236
CAASPP grade 11 mathematics,all California students,2021,standard met or exceeded (levels 3-4),23.23,49.26,0.3026,0.9708,3.2082
CAASPP grade 11 mathematics,all California students,2021,"standard met, not exceeded (level 3)",15.67,23.11,0.1858,0.3006,1.6179
CAASPP grade 11 mathematics,all California students,2021,standard nearly met (level 2),25.61,23.16,0.3443,0.3014,0.8754
CAASPP grade 11 mathematics,all California students,2021,standard not met (level 1),51.16,27.58,1.0475,0.3808,0.3635
CAASPP grade 11 mathematics,all California students,2022,standard exceeded (level 4),5.29,20.62,0.0559,0.2598,4.6476
CAASPP grade 11 mathematics,all California students,2022,standard met or exceeded (levels 3-4),16.45,41.08,0.1969,0.6972,3.5409
CAASPP grade 11 mathematics,all California students,2022,"standard met, not exceeded (level 3)",11.16,20.46,0.1256,0.2572,2.0478
CAASPP grade 11 mathematics,all California students,2022,standard nearly met (level 2),20.34,22.5,0.2553,0.2903,1.1371
CAASPP grade 11 mathematics,all California students,2022,standard not met (level 1),63.21,36.42,1.7181,0.5728,0.3334
CAASPP grade 11 mathematics,all California students,2023,standard exceeded (level 4),5.47,22.22,0.0579,0.2857,4.9344
CAASPP grade 11 mathematics,all California students,2023,standard met or exceeded (levels 3-4),16.95,43.48,0.2041,0.7693,3.7692
CAASPP grade 11 mathematics,all California students,2023,"standard met, not exceeded (level 3)",11.47,21.26,0.1296,0.27,2.0833
CAASPP grade 11 mathematics,all California students,2023,standard nearly met (level 2),20.61,22.25,0.2596,0.2862,1.1025
CAASPP grade 11 mathematics,all California students,2023,standard not met (level 1),62.44,34.27,1.6624,0.5214,0.3136
CAASPP grade 11 mathematics,all California students,2024,standard exceeded (level 4),6.02,22.69,0.0641,0.2935,4.5788
CAASPP grade 11 mathematics,all California students,2024,standard met or exceeded (levels 3-4),18.1,44.14,0.221,0.7902,3.5756
CAASPP grade 11 mathematics,all California students,2024,"standard met, not exceeded (level 3)",12.08,21.45,0.1374,0.2731,1.9876
CAASPP grade 11 mathematics,all California students,2024,standard nearly met (level 2),20.67,21.95,0.2606,0.2812,1.079
CAASPP grade 11 mathematics,all California students,2024,standard not met (level 1),61.24,33.91,1.58,0.5131,0.3247
CAASPP grade 11 mathematics,all California students,2025,standard exceeded (level 4),7.87,25.3,0.0854,0.3387,3.966
CAASPP grade 11 mathematics,all California students,2025,standard met or exceeded (levels 3-4),21.04,46.98,0.2665,0.8861,3.325
CAASPP grade 11 mathematics,all California students,2025,"standard met, not exceeded (level 3)",13.17,21.68,0.1517,0.2768,1.8247
CAASPP grade 11 mathematics,all California students,2025,standard nearly met (level 2),20.62,21.41,0.2598,0.2724,1.0485
CAASPP grade 11 mathematics,all California students,2025,standard not met (level 1),58.33,31.6,1.3998,0.462,0.33
CAASPP grade 11 mathematics,"LCFF+ vs. other high schools (student-weighted, all reporting)",2015,standard exceeded (level 4),3.62,15.37,0.0376,0.1816,4.8298
CAASPP grade 11 mathematics,"LCFF+ vs. other high schools (student-weighted, all reporting)",2015,standard met or exceeded (levels 3-4),15.81,37.01,0.1878,0.5876,3.1289
CAASPP grade 11 mathematics,"LCFF+ vs. other high schools (student-weighted, all reporting)",2015,"standard met, not exceeded (level 3)",12.22,21.64,0.1392,0.2762,1.9842
CAASPP grade 11 mathematics,"LCFF+ vs. other high schools (student-weighted, all reporting)",2015,standard nearly met (level 2),23.88,25.65,0.3137,0.345,1.0998
CAASPP grade 11 mathematics,"LCFF+ vs. other high schools (student-weighted, all reporting)",2015,standard not met (level 1),60.33,37.32,1.5208,0.5954,0.3915
CAASPP grade 11 mathematics,"LCFF+ vs. other high schools (student-weighted, all reporting)",2016,standard exceeded (level 4),4.33,16.77,0.0453,0.2015,4.4481
CAASPP grade 11 mathematics,"LCFF+ vs. other high schools (student-weighted, all reporting)",2016,standard met or exceeded (levels 3-4),17.86,39.9,0.2174,0.6639,3.0538
CAASPP grade 11 mathematics,"LCFF+ vs. other high schools (student-weighted, all reporting)",2016,"standard met, not exceeded (level 3)",13.51,23.13,0.1562,0.3009,1.9264
CAASPP grade 11 mathematics,"LCFF+ vs. other high schools (student-weighted, all reporting)",2016,standard nearly met (level 2),23.58,25.4,0.3086,0.3405,1.1034
CAASPP grade 11 mathematics,"LCFF+ vs. other high schools (student-weighted, all reporting)",2016,standard not met (level 1),58.57,34.72,1.4137,0.5319,0.3762
CAASPP grade 11 mathematics,"LCFF+ vs. other high schools (student-weighted, all reporting)",2017,standard exceeded (level 4),4.37,17.35,0.0457,0.2099,4.593
CAASPP grade 11 mathematics,"LCFF+ vs. other high schools (student-weighted, all reporting)",2017,standard met or exceeded (levels 3-4),17.35,39.92,0.2099,0.6644,3.1653
CAASPP grade 11 mathematics,"LCFF+ vs. other high schools (student-weighted, all reporting)",2017,"standard met, not exceeded (level 3)",12.98,22.57,0.1492,0.2915,1.9538
CAASPP grade 11 mathematics,"LCFF+ vs. other high schools (student-weighted, all reporting)",2017,standard nearly met (level 2),22.73,24.33,0.2942,0.3215,1.0928
CAASPP grade 11 mathematics,"LCFF+ vs. other high schools (student-weighted, all reporting)",2017,standard not met (level 1),59.92,35.75,1.495,0.5564,0.3722
CAASPP grade 11 mathematics,"LCFF+ vs. other high schools (student-weighted, all reporting)",2018,standard exceeded (level 4),4.6,17.25,0.0482,0.2085,4.3257
CAASPP grade 11 mathematics,"LCFF+ vs. other high schools (student-weighted, all reporting)",2018,standard met or exceeded (levels 3-4),17.32,38.87,0.2095,0.6359,3.0353
CAASPP grade 11 mathematics,"LCFF+ vs. other high schools (student-weighted, all reporting)",2018,"standard met, not exceeded (level 3)",12.72,21.62,0.1457,0.2758,1.8929
CAASPP grade 11 mathematics,"LCFF+ vs. other high schools (student-weighted, all reporting)",2018,standard nearly met (level 2),21.63,23.7,0.276,0.3106,1.1254
CAASPP grade 11 mathematics,"LCFF+ vs. other high schools (student-weighted, all reporting)",2018,standard not met (level 1),61.04,37.43,1.5667,0.5982,0.3818
CAASPP grade 11 mathematics,"LCFF+ vs. other high schools (student-weighted, all reporting)",2019,standard exceeded (level 4),5.19,18.43,0.0547,0.2259,4.1298
CAASPP grade 11 mathematics,"LCFF+ vs. other high schools (student-weighted, all reporting)",2019,standard met or exceeded (levels 3-4),18.25,39.77,0.2232,0.6603,2.9583
CAASPP grade 11 mathematics,"LCFF+ vs. other high schools (student-weighted, all reporting)",2019,"standard met, not exceeded (level 3)",13.06,21.34,0.1502,0.2713,1.8063
CAASPP grade 11 mathematics,"LCFF+ vs. other high schools (student-weighted, all reporting)",2019,standard nearly met (level 2),21.01,23.21,0.266,0.3023,1.1365
CAASPP grade 11 mathematics,"LCFF+ vs. other high schools (student-weighted, all reporting)",2019,standard not met (level 1),60.74,37.02,1.5471,0.5878,0.3799
CAASPP grade 11 mathematics,"LCFF+ vs. other high schools (student-weighted, all reporting)",2021,standard exceeded (level 4),6.01,20.76,0.0639,0.262,4.1002
CAASPP grade 11 mathematics,"LCFF+ vs. other high schools (student-weighted, all reporting)",2021,standard met or exceeded (levels 3-4),20.67,42.13,0.2606,0.728,2.7936
CAASPP grade 11 mathematics,"LCFF+ vs. other high schools (student-weighted, all reporting)",2021,"standard met, not exceeded (level 3)",14.66,21.37,0.1718,0.2718,1.5821
CAASPP grade 11 mathematics,"LCFF+ vs. other high schools (student-weighted, all reporting)",2021,standard nearly met (level 2),25.55,24.34,0.3432,0.3217,0.9374
CAASPP grade 11 mathematics,"LCFF+ vs. other high schools (student-weighted, all reporting)",2021,standard not met (level 1),53.79,33.54,1.164,0.5047,0.4336
CAASPP grade 11 mathematics,"LCFF+ vs. other high schools (student-weighted, all reporting)",2022,standard exceeded (level 4),3.71,16.1,0.0385,0.1919,4.9844
CAASPP grade 11 mathematics,"LCFF+ vs. other high schools (student-weighted, all reporting)",2022,standard met or exceeded (levels 3-4),12.99,34.34,0.1493,0.523,3.503
CAASPP grade 11 mathematics,"LCFF+ vs. other high schools (student-weighted, all reporting)",2022,"standard met, not exceeded (level 3)",9.29,18.24,0.1024,0.2231,2.1787
CAASPP grade 11 mathematics,"LCFF+ vs. other high schools (student-weighted, all reporting)",2022,standard nearly met (level 2),19.02,22.56,0.2349,0.2913,1.2401
CAASPP grade 11 mathematics,"LCFF+ vs. other high schools (student-weighted, all reporting)",2022,standard not met (level 1),67.99,43.1,2.124,0.7575,0.3566
CAASPP grade 11 mathematics,"LCFF+ vs. other high schools (student-weighted, all reporting)",2023,standard exceeded (level 4),3.8,16.41,0.0395,0.1963,4.9696
CAASPP grade 11 mathematics,"LCFF+ vs. other high schools (student-weighted, all reporting)",2023,standard met or exceeded (levels 3-4),13.48,34.75,0.1558,0.5326,3.4185
CAASPP grade 11 mathematics,"LCFF+ vs. other high schools (student-weighted, all reporting)",2023,"standard met, not exceeded (level 3)",9.67,18.34,0.1071,0.2246,2.0971
CAASPP grade 11 mathematics,"LCFF+ vs. other high schools (student-weighted, all reporting)",2023,standard nearly met (level 2),19.28,22.39,0.2389,0.2885,1.2076
CAASPP grade 11 mathematics,"LCFF+ vs. other high schools (student-weighted, all reporting)",2023,standard not met (level 1),67.24,42.86,2.0525,0.7501,0.3655
CAASPP grade 11 mathematics,"LCFF+ vs. other high schools (student-weighted, all reporting)",2024,standard exceeded (level 4),4.27,16.58,0.0446,0.1988,4.4574
CAASPP grade 11 mathematics,"LCFF+ vs. other high schools (student-weighted, all reporting)",2024,standard met or exceeded (levels 3-4),14.74,34.93,0.1729,0.5368,3.1047
CAASPP grade 11 mathematics,"LCFF+ vs. other high schools (student-weighted, all reporting)",2024,"standard met, not exceeded (level 3)",10.47,18.35,0.1169,0.2247,1.9222
CAASPP grade 11 mathematics,"LCFF+ vs. other high schools (student-weighted, all reporting)",2024,standard nearly met (level 2),19.42,22.18,0.241,0.285,1.1826
CAASPP grade 11 mathematics,"LCFF+ vs. other high schools (student-weighted, all reporting)",2024,standard not met (level 1),65.84,42.9,1.9274,0.7513,0.3898
CAASPP grade 11 mathematics,"LCFF+ vs. other high schools (student-weighted, all reporting)",2025,standard exceeded (level 4),5.85,18.61,0.0621,0.2287,3.6828
CAASPP grade 11 mathematics,"LCFF+ vs. other high schools (student-weighted, all reporting)",2025,standard met or exceeded (levels 3-4),17.55,37.35,0.2129,0.5962,2.8004
CAASPP grade 11 mathematics,"LCFF+ vs. other high schools (student-weighted, all reporting)",2025,"standard met, not exceeded (level 3)",11.7,18.74,0.1325,0.2306,1.7404
CAASPP grade 11 mathematics,"LCFF+ vs. other high schools (student-weighted, all reporting)",2025,standard nearly met (level 2),19.74,21.67,0.246,0.2767,1.1248
CAASPP grade 11 mathematics,"LCFF+ vs. other high schools (student-weighted, all reporting)",2025,standard not met (level 1),62.71,40.98,1.6817,0.6943,0.4129
NAEP grade 8 mathematics,all California students (NAEP sample),2015,at NAEP Advanced,1.97,13.0,0.0201,0.1494,7.4328
NAEP grade 8 mathematics,all California students (NAEP sample),2015,at or above NAEP Proficient,15.54,44.82,0.184,0.8123,4.4147
NAEP grade 8 mathematics,all California students (NAEP sample),2015,at or above NAEP Basic,52.7,80.78,1.1142,4.2029,3.7721
NAEP grade 8 mathematics,all California students (NAEP sample),2015,"at NAEP Proficient, not Advanced",13.57,31.81,0.157,0.4665,2.9713
NAEP grade 8 mathematics,all California students (NAEP sample),2015,"at NAEP Basic, not Proficient",37.16,35.96,0.5913,0.5615,0.9496
NAEP grade 8 mathematics,all California students (NAEP sample),2015,below NAEP Basic,47.3,19.22,0.8975,0.2379,0.2651
NAEP grade 8 mathematics,all California students (NAEP sample),2017,at NAEP Advanced,2.32,18.44,0.0238,0.2261,9.5
NAEP grade 8 mathematics,all California students (NAEP sample),2017,at or above NAEP Proficient,14.7,47.33,0.1723,0.8986,5.2153
NAEP grade 8 mathematics,all California students (NAEP sample),2017,at or above NAEP Basic,49.03,79.1,0.9619,3.7847,3.9346
NAEP grade 8 mathematics,all California students (NAEP sample),2017,"at NAEP Proficient, not Advanced",12.37,28.89,0.1412,0.4063,2.8775
NAEP grade 8 mathematics,all California students (NAEP sample),2017,"at NAEP Basic, not Proficient",34.34,31.76,0.523,0.4654,0.8899
NAEP grade 8 mathematics,all California students (NAEP sample),2017,below NAEP Basic,50.97,20.9,1.0396,0.2642,0.2541
NAEP grade 8 mathematics,all California students (NAEP sample),2019,at NAEP Advanced,3.33,20.0,0.0344,0.25,7.2674
NAEP grade 8 mathematics,all California students (NAEP sample),2019,at or above NAEP Proficient,15.9,49.69,0.1891,0.9877,5.2232
NAEP grade 8 mathematics,all California students (NAEP sample),2019,at or above NAEP Basic,49.11,80.98,0.965,4.2576,4.412
NAEP grade 8 mathematics,all California students (NAEP sample),2019,"at NAEP Proficient, not Advanced",12.58,29.7,0.1439,0.4225,2.9361
NAEP grade 8 mathematics,all California students (NAEP sample),2019,"at NAEP Basic, not Proficient",33.21,31.29,0.4972,0.4554,0.9159
NAEP grade 8 mathematics,all California students (NAEP sample),2019,below NAEP Basic,50.89,19.02,1.0362,0.2349,0.2267
NAEP grade 8 mathematics,all California students (NAEP sample),2022,at NAEP Advanced,1.94,16.47,0.0198,0.1972,9.9596
NAEP grade 8 mathematics,all California students (NAEP sample),2022,at or above NAEP Proficient,11.28,40.99,0.1271,0.6946,5.465
NAEP grade 8 mathematics,all California students (NAEP sample),2022,at or above NAEP Basic,41.78,76.92,0.7176,3.3328,4.6444
NAEP grade 8 mathematics,all California students (NAEP sample),2022,"at NAEP Proficient, not Advanced",9.34,24.53,0.103,0.325,3.1553
NAEP grade 8 mathematics,all California students (NAEP sample),2022,"at NAEP Basic, not Proficient",30.5,35.93,0.4388,0.5608,1.278
NAEP grade 8 mathematics,all California students (NAEP sample),2022,below NAEP Basic,58.22,23.08,1.3935,0.3001,0.2154
NAEP grade 8 mathematics,all California students (NAEP sample),2024,at NAEP Advanced,2.82,17.65,0.029,0.2143,7.3897
NAEP grade 8 mathematics,all California students (NAEP sample),2024,at or above NAEP Proficient,12.63,44.93,0.1446,0.8159,5.6425
NAEP grade 8 mathematics,all California students (NAEP sample),2024,at or above NAEP Basic,40.85,75.3,0.6906,3.0486,4.4144
NAEP grade 8 mathematics,all California students (NAEP sample),2024,"at NAEP Proficient, not Advanced",9.81,27.28,0.1088,0.3751,3.4476
NAEP grade 8 mathematics,all California students (NAEP sample),2024,"at NAEP Basic, not Proficient",28.22,30.37,0.3931,0.4362,1.1096
NAEP grade 8 mathematics,all California students (NAEP sample),2024,below NAEP Basic,59.15,24.7,1.448,0.328,0.2265
