year,subject,grade,percentile,scale_score
2015,ela,3,1,2222
2015,ela,3,10,2290
2015,ela,3,20,2324
2015,ela,3,30,2351
2015,ela,3,40,2376
2015,ela,3,50,2400
2015,ela,3,60,2425
2015,ela,3,70,2451
2015,ela,3,80,2481
2015,ela,3,90,2520
2015,ela,3,99,2603
2016,ela,3,1,2228
2016,ela,3,10,2297
2016,ela,3,20,2332
2016,ela,3,30,2360
2016,ela,3,40,2387
2016,ela,3,50,2412
2016,ela,3,60,2438
2016,ela,3,70,2465
2016,ela,3,80,2496
2016,ela,3,90,2536
2016,ela,3,99,2619
2017,ela,3,1,2224
2017,ela,3,10,2293
2017,ela,3,20,2330
2017,ela,3,30,2360
2017,ela,3,40,2388
2017,ela,3,50,2415
2017,ela,3,60,2442
2017,ela,3,70,2468
2017,ela,3,80,2499
2017,ela,3,90,2537
2017,ela,3,99,2620
2018,ela,3,1,2226
2018,ela,3,10,2298
2018,ela,3,20,2339
2018,ela,3,30,2372
2018,ela,3,40,2401
2018,ela,3,50,2427
2018,ela,3,60,2452
2018,ela,3,70,2479
2018,ela,3,80,2508
2018,ela,3,90,2544
2018,ela,3,99,2622
2019,ela,3,1,2226
2019,ela,3,10,2300
2019,ela,3,20,2340
2019,ela,3,30,2372
2019,ela,3,40,2401
2019,ela,3,50,2428
2019,ela,3,60,2453
2019,ela,3,70,2479
2019,ela,3,80,2509
2019,ela,3,90,2547
2019,ela,3,99,2623
2022,ela,3,1,2177
2022,ela,3,10,2275
2022,ela,3,20,2317
2022,ela,3,30,2350
2022,ela,3,40,2381
2022,ela,3,50,2410
2022,ela,3,60,2438
2022,ela,3,70,2467
2022,ela,3,80,2499
2022,ela,3,90,2543
2022,ela,3,99,2642
2023,ela,3,1,2174
2023,ela,3,10,2274
2023,ela,3,20,2317
2023,ela,3,30,2352
2023,ela,3,40,2383
2023,ela,3,50,2412
2023,ela,3,60,2440
2023,ela,3,70,2469
2023,ela,3,80,2501
2023,ela,3,90,2544
2023,ela,3,99,2643
2024,ela,3,1,2175
2024,ela,3,10,2275
2024,ela,3,20,2318
2024,ela,3,30,2352
2024,ela,3,40,2383
2024,ela,3,50,2411
2024,ela,3,60,2439
2024,ela,3,70,2468
2024,ela,3,80,2501
2024,ela,3,90,2544
2024,ela,3,99,2646
2025,ela,3,1,2183
2025,ela,3,10,2281
2025,ela,3,20,2324
2025,ela,3,30,2358
2025,ela,3,40,2388
2025,ela,3,50,2416
2025,ela,3,60,2443
2025,ela,3,70,2471
2025,ela,3,80,2503
2025,ela,3,90,2546
2025,ela,3,99,2650
2015,ela,4,1,2251
2015,ela,4,10,2324
2015,ela,4,20,2360
2015,ela,4,30,2390
2015,ela,4,40,2418
2015,ela,4,50,2445
2015,ela,4,60,2471
2015,ela,4,70,2499
2015,ela,4,80,2529
2015,ela,4,90,2569
2015,ela,4,99,2657
2016,ela,4,1,2251
2016,ela,4,10,2327
2016,ela,4,20,2366
2016,ela,4,30,2398
2016,ela,4,40,2428
2016,ela,4,50,2456
2016,ela,4,60,2483
2016,ela,4,70,2510
2016,ela,4,80,2541
2016,ela,4,90,2581
2016,ela,4,99,2663
2017,ela,4,1,2245
2017,ela,4,10,2326
2017,ela,4,20,2367
2017,ela,4,30,2401
2017,ela,4,40,2431
2017,ela,4,50,2459
2017,ela,4,60,2486
2017,ela,4,70,2512
2017,ela,4,80,2542
2017,ela,4,90,2582
2017,ela,4,99,2663
2018,ela,4,1,2243
2018,ela,4,10,2329
2018,ela,4,20,2373
2018,ela,4,30,2409
2018,ela,4,40,2440
2018,ela,4,50,2469
2018,ela,4,60,2495
2018,ela,4,70,2522
2018,ela,4,80,2552
2018,ela,4,90,2592
2018,ela,4,99,2663
2019,ela,4,1,2247
2019,ela,4,10,2332
2019,ela,4,20,2377
2019,ela,4,30,2412
2019,ela,4,40,2443
2019,ela,4,50,2471
2019,ela,4,60,2497
2019,ela,4,70,2524
2019,ela,4,80,2554
2019,ela,4,90,2595
2019,ela,4,99,2663
2022,ela,4,1,2209
2022,ela,4,10,2317
2022,ela,4,20,2363
2022,ela,4,30,2398
2022,ela,4,40,2429
2022,ela,4,50,2457
2022,ela,4,60,2484
2022,ela,4,70,2512
2022,ela,4,80,2544
2022,ela,4,90,2588
2022,ela,4,99,2690
2023,ela,4,1,2206
2023,ela,4,10,2312
2023,ela,4,20,2357
2023,ela,4,30,2393
2023,ela,4,40,2425
2023,ela,4,50,2454
2023,ela,4,60,2483
2023,ela,4,70,2513
2023,ela,4,80,2547
2023,ela,4,90,2591
2023,ela,4,99,2690
2024,ela,4,1,2202
2024,ela,4,10,2309
2024,ela,4,20,2355
2024,ela,4,30,2392
2024,ela,4,40,2425
2024,ela,4,50,2455
2024,ela,4,60,2484
2024,ela,4,70,2514
2024,ela,4,80,2547
2024,ela,4,90,2592
2024,ela,4,99,2690
2025,ela,4,1,2206
2025,ela,4,10,2315
2025,ela,4,20,2363
2025,ela,4,30,2400
2025,ela,4,40,2432
2025,ela,4,50,2460
2025,ela,4,60,2489
2025,ela,4,70,2518
2025,ela,4,80,2551
2025,ela,4,90,2595
2025,ela,4,99,2690
2015,ela,5,1,2283
2015,ela,5,10,2364
2015,ela,5,20,2400
2015,ela,5,30,2431
2015,ela,5,40,2459
2015,ela,5,50,2487
2015,ela,5,60,2515
2015,ela,5,70,2542
2015,ela,5,80,2572
2015,ela,5,90,2612
2015,ela,5,99,2697
2016,ela,5,1,2280
2016,ela,5,10,2368
2016,ela,5,20,2407
2016,ela,5,30,2439
2016,ela,5,40,2469
2016,ela,5,50,2498
2016,ela,5,60,2525
2016,ela,5,70,2553
2016,ela,5,80,2583
2016,ela,5,90,2623
2016,ela,5,99,2701
2017,ela,5,1,2263
2017,ela,5,10,2354
2017,ela,5,20,2399
2017,ela,5,30,2433
2017,ela,5,40,2463
2017,ela,5,50,2492
2017,ela,5,60,2520
2017,ela,5,70,2549
2017,ela,5,80,2581
2017,ela,5,90,2621
2017,ela,5,99,2701
2018,ela,5,1,2271
2018,ela,5,10,2360
2018,ela,5,20,2404
2018,ela,5,30,2440
2018,ela,5,40,2471
2018,ela,5,50,2500
2018,ela,5,60,2528
2018,ela,5,70,2557
2018,ela,5,80,2587
2018,ela,5,90,2627
2018,ela,5,99,2701
2019,ela,5,1,2277
2019,ela,5,10,2366
2019,ela,5,20,2411
2019,ela,5,30,2447
2019,ela,5,40,2478
2019,ela,5,50,2506
2019,ela,5,60,2535
2019,ela,5,70,2563
2019,ela,5,80,2593
2019,ela,5,90,2632
2019,ela,5,99,2701
2022,ela,5,1,2243
2022,ela,5,10,2350
2022,ela,5,20,2397
2022,ela,5,30,2433
2022,ela,5,40,2464
2022,ela,5,50,2493
2022,ela,5,60,2522
2022,ela,5,70,2553
2022,ela,5,80,2587
2022,ela,5,90,2630
2022,ela,5,99,2725
2023,ela,5,1,2239
2023,ela,5,10,2345
2023,ela,5,20,2394
2023,ela,5,30,2430
2023,ela,5,40,2462
2023,ela,5,50,2492
2023,ela,5,60,2522
2023,ela,5,70,2553
2023,ela,5,80,2588
2023,ela,5,90,2634
2023,ela,5,99,2730
2024,ela,5,1,2232
2024,ela,5,10,2341
2024,ela,5,20,2392
2024,ela,5,30,2431
2024,ela,5,40,2464
2024,ela,5,50,2494
2024,ela,5,60,2524
2024,ela,5,70,2555
2024,ela,5,80,2590
2024,ela,5,90,2635
2024,ela,5,99,2730
2025,ela,5,1,2242
2025,ela,5,10,2349
2025,ela,5,20,2399
2025,ela,5,30,2436
2025,ela,5,40,2468
2025,ela,5,50,2498
2025,ela,5,60,2528
2025,ela,5,70,2559
2025,ela,5,80,2593
2025,ela,5,90,2639
2025,ela,5,99,2730
2015,ela,6,1,2303
2015,ela,6,10,2390
2015,ela,6,20,2431
2015,ela,6,30,2462
2015,ela,6,40,2489
2015,ela,6,50,2513
2015,ela,6,60,2537
2015,ela,6,70,2563
2015,ela,6,80,2593
2015,ela,6,90,2632
2015,ela,6,99,2713
2016,ela,6,1,2293
2016,ela,6,10,2389
2016,ela,6,20,2434
2016,ela,6,30,2468
2016,ela,6,40,2497
2016,ela,6,50,2523
2016,ela,6,60,2549
2016,ela,6,70,2576
2016,ela,6,80,2606
2016,ela,6,90,2644
2016,ela,6,99,2724
2017,ela,6,1,2299
2017,ela,6,10,2385
2017,ela,6,20,2432
2017,ela,6,30,2467
2017,ela,6,40,2496
2017,ela,6,50,2523
2017,ela,6,60,2549
2017,ela,6,70,2576
2017,ela,6,80,2606
2017,ela,6,90,2644
2017,ela,6,99,2724
2018,ela,6,1,2288
2018,ela,6,10,2382
2018,ela,6,20,2429
2018,ela,6,30,2466
2018,ela,6,40,2497
2018,ela,6,50,2525
2018,ela,6,60,2551
2018,ela,6,70,2578
2018,ela,6,80,2608
2018,ela,6,90,2647
2018,ela,6,99,2724
2019,ela,6,1,2294
2019,ela,6,10,2388
2019,ela,6,20,2436
2019,ela,6,30,2472
2019,ela,6,40,2503
2019,ela,6,50,2531
2019,ela,6,60,2557
2019,ela,6,70,2584
2019,ela,6,80,2614
2019,ela,6,90,2652
2019,ela,6,99,2724
2022,ela,6,1,2274
2022,ela,6,10,2376
2022,ela,6,20,2423
2022,ela,6,30,2458
2022,ela,6,40,2488
2022,ela,6,50,2517
2022,ela,6,60,2545
2022,ela,6,70,2574
2022,ela,6,80,2607
2022,ela,6,90,2649
2022,ela,6,99,2746
2023,ela,6,1,2271
2023,ela,6,10,2371
2023,ela,6,20,2418
2023,ela,6,30,2454
2023,ela,6,40,2485
2023,ela,6,50,2514
2023,ela,6,60,2542
2023,ela,6,70,2572
2023,ela,6,80,2606
2023,ela,6,90,2649
2023,ela,6,99,2746
2024,ela,6,1,2271
2024,ela,6,10,2372
2024,ela,6,20,2420
2024,ela,6,30,2457
2024,ela,6,40,2489
2024,ela,6,50,2518
2024,ela,6,60,2548
2024,ela,6,70,2578
2024,ela,6,80,2611
2024,ela,6,90,2652
2024,ela,6,99,2746
2025,ela,6,1,2270
2025,ela,6,10,2374
2025,ela,6,20,2425
2025,ela,6,30,2463
2025,ela,6,40,2495
2025,ela,6,50,2525
2025,ela,6,60,2554
2025,ela,6,70,2583
2025,ela,6,80,2616
2025,ela,6,90,2659
2025,ela,6,99,2757
2015,ela,7,1,2320
2015,ela,7,10,2403
2015,ela,7,20,2443
2015,ela,7,30,2476
2015,ela,7,40,2505
2015,ela,7,50,2534
2015,ela,7,60,2561
2015,ela,7,70,2588
2015,ela,7,80,2618
2015,ela,7,90,2657
2015,ela,7,99,2742
2016,ela,7,1,2321
2016,ela,7,10,2406
2016,ela,7,20,2451
2016,ela,7,30,2486
2016,ela,7,40,2517
2016,ela,7,50,2545
2016,ela,7,60,2573
2016,ela,7,70,2601
2016,ela,7,80,2632
2016,ela,7,90,2671
2016,ela,7,99,2745
2017,ela,7,1,2306
2017,ela,7,10,2399
2017,ela,7,20,2450
2017,ela,7,30,2489
2017,ela,7,40,2521
2017,ela,7,50,2550
2017,ela,7,60,2576
2017,ela,7,70,2603
2017,ela,7,80,2634
2017,ela,7,90,2674
2017,ela,7,99,2745
2018,ela,7,1,2303
2018,ela,7,10,2399
2018,ela,7,20,2451
2018,ela,7,30,2491
2018,ela,7,40,2523
2018,ela,7,50,2552
2018,ela,7,60,2579
2018,ela,7,70,2606
2018,ela,7,80,2636
2018,ela,7,90,2675
2018,ela,7,99,2745
2019,ela,7,1,2309
2019,ela,7,10,2400
2019,ela,7,20,2452
2019,ela,7,30,2492
2019,ela,7,40,2526
2019,ela,7,50,2555
2019,ela,7,60,2582
2019,ela,7,70,2610
2019,ela,7,80,2642
2019,ela,7,90,2683
2019,ela,7,99,2745
2022,ela,7,1,2267
2022,ela,7,10,2390
2022,ela,7,20,2446
2022,ela,7,30,2486
2022,ela,7,40,2519
2022,ela,7,50,2549
2022,ela,7,60,2578
2022,ela,7,70,2607
2022,ela,7,80,2639
2022,ela,7,90,2682
2022,ela,7,99,2780
2023,ela,7,1,2264
2023,ela,7,10,2381
2023,ela,7,20,2437
2023,ela,7,30,2479
2023,ela,7,40,2513
2023,ela,7,50,2544
2023,ela,7,60,2574
2023,ela,7,70,2604
2023,ela,7,80,2637
2023,ela,7,90,2680
2023,ela,7,99,2776
2024,ela,7,1,2260
2024,ela,7,10,2377
2024,ela,7,20,2433
2024,ela,7,30,2476
2024,ela,7,40,2511
2024,ela,7,50,2543
2024,ela,7,60,2574
2024,ela,7,70,2604
2024,ela,7,80,2638
2024,ela,7,90,2682
2024,ela,7,99,2782
2025,ela,7,1,2262
2025,ela,7,10,2382
2025,ela,7,20,2441
2025,ela,7,30,2484
2025,ela,7,40,2519
2025,ela,7,50,2550
2025,ela,7,60,2580
2025,ela,7,70,2611
2025,ela,7,80,2644
2025,ela,7,90,2688
2025,ela,7,99,2787
2015,ela,8,1,2340
2015,ela,8,10,2427
2015,ela,8,20,2468
2015,ela,8,30,2499
2015,ela,8,40,2527
2015,ela,8,50,2554
2015,ela,8,60,2581
2015,ela,8,70,2608
2015,ela,8,80,2638
2015,ela,8,90,2676
2015,ela,8,99,2757
2016,ela,8,1,2336
2016,ela,8,10,2426
2016,ela,8,20,2470
2016,ela,8,30,2504
2016,ela,8,40,2534
2016,ela,8,50,2563
2016,ela,8,60,2591
2016,ela,8,70,2618
2016,ela,8,80,2648
2016,ela,8,90,2687
2016,ela,8,99,2769
2017,ela,8,1,2324
2017,ela,8,10,2421
2017,ela,8,20,2467
2017,ela,8,30,2502
2017,ela,8,40,2533
2017,ela,8,50,2562
2017,ela,8,60,2591
2017,ela,8,70,2620
2017,ela,8,80,2652
2017,ela,8,90,2690
2017,ela,8,99,2769
2018,ela,8,1,2325
2018,ela,8,10,2418
2018,ela,8,20,2465
2018,ela,8,30,2501
2018,ela,8,40,2533
2018,ela,8,50,2564
2018,ela,8,60,2593
2018,ela,8,70,2622
2018,ela,8,80,2654
2018,ela,8,90,2692
2018,ela,8,99,2769
2019,ela,8,1,2326
2019,ela,8,10,2418
2019,ela,8,20,2465
2019,ela,8,30,2502
2019,ela,8,40,2534
2019,ela,8,50,2565
2019,ela,8,60,2595
2019,ela,8,70,2625
2019,ela,8,80,2657
2019,ela,8,90,2697
2019,ela,8,99,2769
2022,ela,8,1,2290
2022,ela,8,10,2402
2022,ela,8,20,2455
2022,ela,8,30,2493
2022,ela,8,40,2526
2022,ela,8,50,2556
2022,ela,8,60,2586
2022,ela,8,70,2617
2022,ela,8,80,2651
2022,ela,8,90,2695
2022,ela,8,99,2793
2023,ela,8,1,2290
2023,ela,8,10,2392
2023,ela,8,20,2448
2023,ela,8,30,2488
2023,ela,8,40,2521
2023,ela,8,50,2553
2023,ela,8,60,2584
2023,ela,8,70,2616
2023,ela,8,80,2651
2023,ela,8,90,2696
2023,ela,8,99,2794
2024,ela,8,1,2290
2024,ela,8,10,2390
2024,ela,8,20,2446
2024,ela,8,30,2487
2024,ela,8,40,2522
2024,ela,8,50,2554
2024,ela,8,60,2585
2024,ela,8,70,2617
2024,ela,8,80,2651
2024,ela,8,90,2696
2024,ela,8,99,2793
2025,ela,8,1,2290
2025,ela,8,10,2394
2025,ela,8,20,2452
2025,ela,8,30,2493
2025,ela,8,40,2528
2025,ela,8,50,2560
2025,ela,8,60,2591
2025,ela,8,70,2623
2025,ela,8,80,2658
2025,ela,8,90,2703
2025,ela,8,99,2802
2015,ela,11,1,2334
2015,ela,11,10,2438
2015,ela,11,20,2493
2015,ela,11,30,2534
2015,ela,11,40,2569
2015,ela,11,50,2600
2015,ela,11,60,2629
2015,ela,11,70,2658
2015,ela,11,80,2690
2015,ela,11,90,2730
2015,ela,11,99,2795
2016,ela,11,1,2340
2016,ela,11,10,2443
2016,ela,11,20,2499
2016,ela,11,30,2543
2016,ela,11,40,2579
2016,ela,11,50,2611
2016,ela,11,60,2640
2016,ela,11,70,2668
2016,ela,11,80,2700
2016,ela,11,90,2740
2016,ela,11,99,2795
2017,ela,11,1,2331
2017,ela,11,10,2438
2017,ela,11,20,2498
2017,ela,11,30,2544
2017,ela,11,40,2582
2017,ela,11,50,2614
2017,ela,11,60,2644
2017,ela,11,70,2674
2017,ela,11,80,2707
2017,ela,11,90,2749
2017,ela,11,99,2795
2018,ela,11,1,2318
2018,ela,11,10,2424
2018,ela,11,20,2483
2018,ela,11,30,2529
2018,ela,11,40,2568
2018,ela,11,50,2602
2018,ela,11,60,2634
2018,ela,11,70,2667
2018,ela,11,80,2701
2018,ela,11,90,2745
2018,ela,11,99,2795
2019,ela,11,1,2323
2019,ela,11,10,2427
2019,ela,11,20,2486
2019,ela,11,30,2533
2019,ela,11,40,2572
2019,ela,11,50,2607
2019,ela,11,60,2640
2019,ela,11,70,2672
2019,ela,11,80,2706
2019,ela,11,90,2750
2019,ela,11,99,2795
2022,ela,11,1,2300
2022,ela,11,10,2411
2022,ela,11,20,2474
2022,ela,11,30,2523
2022,ela,11,40,2563
2022,ela,11,50,2599
2022,ela,11,60,2633
2022,ela,11,70,2666
2022,ela,11,80,2702
2022,ela,11,90,2748
2022,ela,11,99,2854
2023,ela,11,1,2300
2023,ela,11,10,2410
2023,ela,11,20,2474
2023,ela,11,30,2524
2023,ela,11,40,2565
2023,ela,11,50,2602
2023,ela,11,60,2635
2023,ela,11,70,2668
2023,ela,11,80,2703
2023,ela,11,90,2749
2023,ela,11,99,2852
2024,ela,11,1,2300
2024,ela,11,10,2408
2024,ela,11,20,2474
2024,ela,11,30,2525
2024,ela,11,40,2566
2024,ela,11,50,2602
2024,ela,11,60,2636
2024,ela,11,70,2669
2024,ela,11,80,2704
2024,ela,11,90,2749
2024,ela,11,99,2851
2025,ela,11,1,2300
2025,ela,11,10,2411
2025,ela,11,20,2479
2025,ela,11,30,2530
2025,ela,11,40,2571
2025,ela,11,50,2607
2025,ela,11,60,2640
2025,ela,11,70,2673
2025,ela,11,80,2708
2025,ela,11,90,2753
2025,ela,11,99,2857
2015,math,3,1,2212
2015,math,3,10,2315
2015,math,3,20,2350
2015,math,3,30,2374
2015,math,3,40,2395
2015,math,3,50,2415
2015,math,3,60,2436
2015,math,3,70,2457
2015,math,3,80,2482
2015,math,3,90,2516
2015,math,3,99,2603
2016,math,3,1,2212
2016,math,3,10,2321
2016,math,3,20,2358
2016,math,3,30,2383
2016,math,3,40,2405
2016,math,3,50,2426
2016,math,3,60,2447
2016,math,3,70,2468
2016,math,3,80,2494
2016,math,3,90,2529
2016,math,3,99,2613
2017,math,3,1,2219
2017,math,3,10,2322
2017,math,3,20,2359
2017,math,3,30,2385
2017,math,3,40,2408
2017,math,3,50,2429
2017,math,3,60,2450
2017,math,3,70,2473
2017,math,3,80,2498
2017,math,3,90,2535
2017,math,3,99,2621
2018,math,3,1,2218
2018,math,3,10,2322
2018,math,3,20,2359
2018,math,3,30,2387
2018,math,3,40,2411
2018,math,3,50,2433
2018,math,3,60,2455
2018,math,3,70,2477
2018,math,3,80,2504
2018,math,3,90,2540
2018,math,3,99,2621
2019,math,3,1,2232
2019,math,3,10,2324
2019,math,3,20,2362
2019,math,3,30,2389
2019,math,3,40,2413
2019,math,3,50,2436
2019,math,3,60,2458
2019,math,3,70,2481
2019,math,3,80,2508
2019,math,3,90,2544
2019,math,3,99,2621
2022,math,3,1,2190
2022,math,3,10,2294
2022,math,3,20,2337
2022,math,3,30,2368
2022,math,3,40,2395
2022,math,3,50,2420
2022,math,3,60,2444
2022,math,3,70,2469
2022,math,3,80,2498
2022,math,3,90,2537
2022,math,3,99,2636
2023,math,3,1,2190
2023,math,3,10,2298
2023,math,3,20,2341
2023,math,3,30,2372
2023,math,3,40,2399
2023,math,3,50,2424
2023,math,3,60,2448
2023,math,3,70,2473
2023,math,3,80,2502
2023,math,3,90,2540
2023,math,3,99,2641
2024,math,3,1,2190
2024,math,3,10,2300
2024,math,3,20,2343
2024,math,3,30,2374
2024,math,3,40,2401
2024,math,3,50,2425
2024,math,3,60,2449
2024,math,3,70,2474
2024,math,3,80,2503
2024,math,3,90,2542
2024,math,3,99,2644
2025,math,3,1,2190
2025,math,3,10,2302
2025,math,3,20,2344
2025,math,3,30,2375
2025,math,3,40,2402
2025,math,3,50,2427
2025,math,3,60,2451
2025,math,3,70,2476
2025,math,3,80,2505
2025,math,3,90,2545
2025,math,3,99,2651
2015,math,4,1,2268
2015,math,4,10,2353
2015,math,4,20,2385
2015,math,4,30,2409
2015,math,4,40,2431
2015,math,4,50,2451
2015,math,4,60,2473
2015,math,4,70,2495
2015,math,4,80,2523
2015,math,4,90,2561
2015,math,4,99,2648
2016,math,4,1,2273
2016,math,4,10,2355
2016,math,4,20,2389
2016,math,4,30,2414
2016,math,4,40,2437
2016,math,4,50,2458
2016,math,4,60,2481
2016,math,4,70,2504
2016,math,4,80,2532
2016,math,4,90,2571
2016,math,4,99,2659
2017,math,4,1,2257
2017,math,4,10,2353
2017,math,4,20,2388
2017,math,4,30,2416
2017,math,4,40,2440
2017,math,4,50,2463
2017,math,4,60,2485
2017,math,4,70,2510
2017,math,4,80,2538
2017,math,4,90,2576
2017,math,4,99,2659
2018,math,4,1,2258
2018,math,4,10,2357
2018,math,4,20,2393
2018,math,4,30,2420
2018,math,4,40,2445
2018,math,4,50,2469
2018,math,4,60,2491
2018,math,4,70,2515
2018,math,4,80,2544
2018,math,4,90,2581
2018,math,4,99,2659
2019,math,4,1,2261
2019,math,4,10,2360
2019,math,4,20,2397
2019,math,4,30,2425
2019,math,4,40,2450
2019,math,4,50,2473
2019,math,4,60,2496
2019,math,4,70,2520
2019,math,4,80,2549
2019,math,4,90,2586
2019,math,4,99,2659
2022,math,4,1,2226
2022,math,4,10,2333
2022,math,4,20,2372
2022,math,4,30,2401
2022,math,4,40,2428
2022,math,4,50,2454
2022,math,4,60,2480
2022,math,4,70,2507
2022,math,4,80,2537
2022,math,4,90,2577
2022,math,4,99,2681
2023,math,4,1,2228
2023,math,4,10,2337
2023,math,4,20,2377
2023,math,4,30,2408
2023,math,4,40,2435
2023,math,4,50,2461
2023,math,4,60,2487
2023,math,4,70,2514
2023,math,4,80,2544
2023,math,4,90,2585
2023,math,4,99,2690
2024,math,4,1,2229
2024,math,4,10,2338
2024,math,4,20,2378
2024,math,4,30,2409
2024,math,4,40,2436
2024,math,4,50,2462
2024,math,4,60,2488
2024,math,4,70,2515
2024,math,4,80,2545
2024,math,4,90,2586
2024,math,4,99,2693
2025,math,4,1,2231
2025,math,4,10,2339
2025,math,4,20,2381
2025,math,4,30,2412
2025,math,4,40,2439
2025,math,4,50,2464
2025,math,4,60,2490
2025,math,4,70,2517
2025,math,4,80,2548
2025,math,4,90,2589
2025,math,4,99,2700
2015,math,5,1,2280
2015,math,5,10,2369
2015,math,5,20,2403
2015,math,5,30,2428
2015,math,5,40,2452
2015,math,5,50,2476
2015,math,5,60,2501
2015,math,5,70,2529
2015,math,5,80,2560
2015,math,5,90,2600
2015,math,5,99,2690
2016,math,5,1,2279
2016,math,5,10,2369
2016,math,5,20,2405
2016,math,5,30,2432
2016,math,5,40,2457
2016,math,5,50,2482
2016,math,5,60,2508
2016,math,5,70,2536
2016,math,5,80,2567
2016,math,5,90,2608
2016,math,5,99,2699
2017,math,5,1,2277
2017,math,5,10,2366
2017,math,5,20,2403
2017,math,5,30,2431
2017,math,5,40,2457
2017,math,5,50,2483
2017,math,5,60,2510
2017,math,5,70,2539
2017,math,5,80,2571
2017,math,5,90,2612
2017,math,5,99,2700
2018,math,5,1,2277
2018,math,5,10,2368
2018,math,5,20,2406
2018,math,5,30,2435
2018,math,5,40,2462
2018,math,5,50,2489
2018,math,5,60,2516
2018,math,5,70,2545
2018,math,5,80,2577
2018,math,5,90,2618
2018,math,5,99,2700
2019,math,5,1,2278
2019,math,5,10,2371
2019,math,5,20,2410
2019,math,5,30,2440
2019,math,5,40,2468
2019,math,5,50,2495
2019,math,5,60,2522
2019,math,5,70,2551
2019,math,5,80,2583
2019,math,5,90,2624
2019,math,5,99,2700
2022,math,5,1,2232
2022,math,5,10,2346
2022,math,5,20,2388
2022,math,5,30,2419
2022,math,5,40,2447
2022,math,5,50,2474
2022,math,5,60,2502
2022,math,5,70,2532
2022,math,5,80,2567
2022,math,5,90,2611
2022,math,5,99,2714
2023,math,5,1,2233
2023,math,5,10,2348
2023,math,5,20,2391
2023,math,5,30,2422
2023,math,5,40,2450
2023,math,5,50,2479
2023,math,5,60,2508
2023,math,5,70,2538
2023,math,5,80,2572
2023,math,5,90,2616
2023,math,5,99,2722
2024,math,5,1,2231
2024,math,5,10,2347
2024,math,5,20,2391
2024,math,5,30,2424
2024,math,5,40,2453
2024,math,5,50,2483
2024,math,5,60,2513
2024,math,5,70,2543
2024,math,5,80,2578
2024,math,5,90,2621
2024,math,5,99,2734
2025,math,5,1,2237
2025,math,5,10,2350
2025,math,5,20,2394
2025,math,5,30,2427
2025,math,5,40,2457
2025,math,5,50,2486
2025,math,5,60,2516
2025,math,5,70,2546
2025,math,5,80,2580
2025,math,5,90,2624
2025,math,5,99,2740
2015,math,6,1,2240
2015,math,6,10,2368
2015,math,6,20,2420
2015,math,6,30,2455
2015,math,6,40,2483
2015,math,6,50,2508
2015,math,6,60,2533
2015,math,6,70,2559
2015,math,6,80,2591
2015,math,6,90,2633
2015,math,6,99,2735
2016,math,6,1,2236
2016,math,6,10,2364
2016,math,6,20,2419
2016,math,6,30,2457
2016,math,6,40,2486
2016,math,6,50,2513
2016,math,6,60,2539
2016,math,6,70,2567
2016,math,6,80,2599
2016,math,6,90,2644
2016,math,6,99,2748
2017,math,6,1,2235
2017,math,6,10,2358
2017,math,6,20,2414
2017,math,6,30,2455
2017,math,6,40,2487
2017,math,6,50,2515
2017,math,6,60,2542
2017,math,6,70,2570
2017,math,6,80,2602
2017,math,6,90,2646
2017,math,6,99,2748
2018,math,6,1,2235
2018,math,6,10,2360
2018,math,6,20,2417
2018,math,6,30,2457
2018,math,6,40,2489
2018,math,6,50,2517
2018,math,6,60,2545
2018,math,6,70,2573
2018,math,6,80,2605
2018,math,6,90,2650
2018,math,6,99,2748
2019,math,6,1,2235
2019,math,6,10,2363
2019,math,6,20,2419
2019,math,6,30,2458
2019,math,6,40,2491
2019,math,6,50,2519
2019,math,6,60,2547
2019,math,6,70,2576
2019,math,6,80,2609
2019,math,6,90,2654
2019,math,6,99,2748
2022,math,6,1,2235
2022,math,6,10,2347
2022,math,6,20,2399
2022,math,6,30,2438
2022,math,6,40,2471
2022,math,6,50,2500
2022,math,6,60,2529
2022,math,6,70,2559
2022,math,6,80,2595
2022,math,6,90,2643
2022,math,6,99,2767
2023,math,6,1,2235
2023,math,6,10,2344
2023,math,6,20,2396
2023,math,6,30,2435
2023,math,6,40,2469
2023,math,6,50,2500
2023,math,6,60,2530
2023,math,6,70,2562
2023,math,6,80,2598
2023,math,6,90,2648
2023,math,6,99,2770
2024,math,6,1,2235
2024,math,6,10,2342
2024,math,6,20,2395
2024,math,6,30,2436
2024,math,6,40,2471
2024,math,6,50,2502
2024,math,6,60,2533
2024,math,6,70,2566
2024,math,6,80,2603
2024,math,6,90,2653
2024,math,6,99,2776
2025,math,6,1,2235
2025,math,6,10,2345
2025,math,6,20,2399
2025,math,6,30,2441
2025,math,6,40,2476
2025,math,6,50,2508
2025,math,6,60,2540
2025,math,6,70,2574
2025,math,6,80,2611
2025,math,6,90,2661
2025,math,6,99,2780
2015,math,7,1,2250
2015,math,7,10,2374
2015,math,7,20,2426
2015,math,7,30,2462
2015,math,7,40,2492
2015,math,7,50,2520
2015,math,7,60,2548
2015,math,7,70,2578
2015,math,7,80,2613
2015,math,7,90,2660
2015,math,7,99,2765
2016,math,7,1,2263
2016,math,7,10,2372
2016,math,7,20,2428
2016,math,7,30,2469
2016,math,7,40,2502
2016,math,7,50,2529
2016,math,7,60,2556
2016,math,7,70,2586
2016,math,7,80,2622
2016,math,7,90,2670
2016,math,7,99,2772
2017,math,7,1,2259
2017,math,7,10,2370
2017,math,7,20,2423
2017,math,7,30,2463
2017,math,7,40,2496
2017,math,7,50,2527
2017,math,7,60,2557
2017,math,7,70,2590
2017,math,7,80,2626
2017,math,7,90,2676
2017,math,7,99,2778
2018,math,7,1,2253
2018,math,7,10,2366
2018,math,7,20,2419
2018,math,7,30,2460
2018,math,7,40,2495
2018,math,7,50,2527
2018,math,7,60,2558
2018,math,7,70,2591
2018,math,7,80,2629
2018,math,7,90,2679
2018,math,7,99,2778
2019,math,7,1,2265
2019,math,7,10,2369
2019,math,7,20,2420
2019,math,7,30,2461
2019,math,7,40,2495
2019,math,7,50,2527
2019,math,7,60,2559
2019,math,7,70,2594
2019,math,7,80,2632
2019,math,7,90,2683
2019,math,7,99,2778
2022,math,7,1,2250
2022,math,7,10,2353
2022,math,7,20,2403
2022,math,7,30,2443
2022,math,7,40,2476
2022,math,7,50,2507
2022,math,7,60,2539
2022,math,7,70,2574
2022,math,7,80,2613
2022,math,7,90,2668
2022,math,7,99,2797
2023,math,7,1,2250
2023,math,7,10,2353
2023,math,7,20,2403
2023,math,7,30,2443
2023,math,7,40,2476
2023,math,7,50,2508
2023,math,7,60,2542
2023,math,7,70,2578
2023,math,7,80,2619
2023,math,7,90,2675
2023,math,7,99,2804
2024,math,7,1,2250
2024,math,7,10,2352
2024,math,7,20,2402
2024,math,7,30,2443
2024,math,7,40,2478
2024,math,7,50,2511
2024,math,7,60,2545
2024,math,7,70,2580
2024,math,7,80,2620
2024,math,7,90,2676
2024,math,7,99,2811
2025,math,7,1,2250
2025,math,7,10,2354
2025,math,7,20,2407
2025,math,7,30,2450
2025,math,7,40,2485
2025,math,7,50,2518
2025,math,7,60,2553
2025,math,7,70,2589
2025,math,7,80,2632
2025,math,7,90,2688
2025,math,7,99,2820
2015,math,8,1,2265
2015,math,8,10,2382
2015,math,8,20,2432
2015,math,8,30,2469
2015,math,8,40,2502
2015,math,8,50,2532
2015,math,8,60,2563
2015,math,8,70,2597
2015,math,8,80,2636
2015,math,8,90,2689
2015,math,8,99,2802
2016,math,8,1,2265
2016,math,8,10,2386
2016,math,8,20,2437
2016,math,8,30,2475
2016,math,8,40,2507
2016,math,8,50,2538
2016,math,8,60,2571
2016,math,8,70,2606
2016,math,8,80,2647
2016,math,8,90,2701
2016,math,8,99,2802
2017,math,8,1,2269
2017,math,8,10,2377
2017,math,8,20,2430
2017,math,8,30,2470
2017,math,8,40,2503
2017,math,8,50,2535
2017,math,8,60,2571
2017,math,8,70,2610
2017,math,8,80,2653
2017,math,8,90,2708
2017,math,8,99,2802
2018,math,8,1,2265
2018,math,8,10,2371
2018,math,8,20,2427
2018,math,8,30,2469
2018,math,8,40,2503
2018,math,8,50,2537
2018,math,8,60,2574
2018,math,8,70,2613
2018,math,8,80,2656
2018,math,8,90,2713
2018,math,8,99,2802
2019,math,8,1,2269
2019,math,8,10,2371
2019,math,8,20,2424
2019,math,8,30,2465
2019,math,8,40,2501
2019,math,8,50,2535
2019,math,8,60,2573
2019,math,8,70,2612
2019,math,8,80,2656
2019,math,8,90,2714
2019,math,8,99,2802
2022,math,8,1,2265
2022,math,8,10,2353
2022,math,8,20,2406
2022,math,8,30,2445
2022,math,8,40,2478
2022,math,8,50,2510
2022,math,8,60,2544
2022,math,8,70,2582
2022,math,8,80,2629
2022,math,8,90,2693
2022,math,8,99,2840
2023,math,8,1,2265
2023,math,8,10,2349
2023,math,8,20,2403
2023,math,8,30,2442
2023,math,8,40,2476
2023,math,8,50,2509
2023,math,8,60,2545
2023,math,8,70,2585
2023,math,8,80,2633
2023,math,8,90,2698
2023,math,8,99,2848
2024,math,8,1,2265
2024,math,8,10,2351
2024,math,8,20,2406
2024,math,8,30,2448
2024,math,8,40,2482
2024,math,8,50,2515
2024,math,8,60,2552
2024,math,8,70,2592
2024,math,8,80,2642
2024,math,8,90,2709
2024,math,8,99,2860
2025,math,8,1,2265
2025,math,8,10,2352
2025,math,8,20,2409
2025,math,8,30,2452
2025,math,8,40,2488
2025,math,8,50,2523
2025,math,8,60,2561
2025,math,8,70,2603
2025,math,8,80,2653
2025,math,8,90,2720
2025,math,8,99,2860
2015,math,11,1,2280
2015,math,11,10,2400
2015,math,11,20,2450
2015,math,11,30,2489
2015,math,11,40,2524
2015,math,11,50,2557
2015,math,11,60,2591
2015,math,11,70,2626
2015,math,11,80,2669
2015,math,11,90,2727
2015,math,11,99,2854
2016,math,11,1,2288
2016,math,11,10,2405
2016,math,11,20,2456
2016,math,11,30,2495
2016,math,11,40,2532
2016,math,11,50,2567
2016,math,11,60,2601
2016,math,11,70,2636
2016,math,11,80,2678
2016,math,11,90,2734
2016,math,11,99,2855
2017,math,11,1,2280
2017,math,11,10,2398
2017,math,11,20,2450
2017,math,11,30,2490
2017,math,11,40,2527
2017,math,11,50,2563
2017,math,11,60,2598
2017,math,11,70,2636
2017,math,11,80,2679
2017,math,11,90,2738
2017,math,11,99,2862
2018,math,11,1,2280
2018,math,11,10,2395
2018,math,11,20,2444
2018,math,11,30,2483
2018,math,11,40,2521
2018,math,11,50,2558
2018,math,11,60,2595
2018,math,11,70,2633
2018,math,11,80,2677
2018,math,11,90,2738
2018,math,11,99,2862
2019,math,11,1,2280
2019,math,11,10,2395
2019,math,11,20,2444
2019,math,11,30,2483
2019,math,11,40,2521
2019,math,11,50,2559
2019,math,11,60,2597
2019,math,11,70,2636
2019,math,11,80,2683
2019,math,11,90,2745
2019,math,11,99,2862
2022,math,11,1,2280
2022,math,11,10,2369
2022,math,11,20,2425
2022,math,11,30,2465
2022,math,11,40,2500
2022,math,11,50,2536
2022,math,11,60,2573
2022,math,11,70,2614
2022,math,11,80,2664
2022,math,11,90,2732
2022,math,11,99,2888
2023,math,11,1,2280
2023,math,11,10,2369
2023,math,11,20,2425
2023,math,11,30,2465
2023,math,11,40,2501
2023,math,11,50,2537
2023,math,11,60,2575
2023,math,11,70,2616
2023,math,11,80,2665
2023,math,11,90,2734
2023,math,11,99,2888
2024,math,11,1,2280
2024,math,11,10,2371
2024,math,11,20,2428
2024,math,11,30,2468
2024,math,11,40,2504
2024,math,11,50,2539
2024,math,11,60,2577
2024,math,11,70,2618
2024,math,11,80,2668
2024,math,11,90,2736
2024,math,11,99,2897
2025,math,11,1,2280
2025,math,11,10,2375
2025,math,11,20,2433
2025,math,11,30,2474
2025,math,11,40,2511
2025,math,11,50,2548
2025,math,11,60,2587
2025,math,11,70,2630
2025,math,11,80,2681
2025,math,11,90,2750
2025,math,11,99,2900
