subject,grade,year,school_group,weighting,school_set,schools,tested,mean_scale_score,pct_level4_exceeded,pct_level3_met,pct_met_or_exceeded,pct_level2_nearly_met,pct_level1_not_met
ela,11,2015,LCFF+,schools,all_schools_reporting,848,146442,2525.04,8.0,22.55,30.54,28.21,41.26
ela,11,2016,LCFF+,schools,all_schools_reporting,867,146652,2534.87,10.14,24.32,34.46,27.6,37.95
ela,11,2017,LCFF+,schools,all_schools_reporting,870,147933,2533.51,11.2,23.68,34.89,26.3,38.82
ela,11,2018,LCFF+,schools,all_schools_reporting,872,147671,2525.81,10.59,22.17,32.76,25.23,42.01
ela,11,2019,LCFF+,schools,all_schools_reporting,893,148058,2529.75,11.47,22.42,33.9,24.88,41.23
ela,11,2021,LCFF+,schools,all_schools_reporting,540,73639,2544.71,13.76,24.74,38.5,26.83,34.66
ela,11,2022,LCFF+,schools,all_schools_reporting,862,143417,2525.24,11.06,22.23,33.29,25.34,41.37
ela,11,2023,LCFF+,schools,all_schools_reporting,875,147434,2526.61,11.5,22.48,33.98,24.92,41.1
ela,11,2024,LCFF+,schools,all_schools_reporting,858,143567,2528.52,12.3,22.57,34.87,24.33,40.8
ela,11,2025,LCFF+,schools,all_schools_reporting,862,141849,2531.52,13.03,22.89,35.91,24.29,39.79
ela,11,2015,Not LCFF+,schools,all_schools_reporting,1138,281010,2594.16,23.59,32.9,56.45,24.09,19.48
ela,11,2016,Not LCFF+,schools,all_schools_reporting,1187,288889,2598.29,25.36,32.63,57.99,22.66,19.36
ela,11,2017,Not LCFF+,schools,all_schools_reporting,1189,294144,2603.38,27.76,31.83,59.59,21.92,18.49
ela,11,2018,Not LCFF+,schools,all_schools_reporting,1203,289850,2591.23,25.41,29.75,55.16,22.59,22.25
ela,11,2019,Not LCFF+,schools,all_schools_reporting,1225,289929,2596.57,26.89,30.16,57.05,21.66,21.29
ela,11,2021,Not LCFF+,schools,all_schools_reporting,755,133178,2609.81,30.25,30.25,60.5,21.16,18.34
ela,11,2022,Not LCFF+,schools,all_schools_reporting,1230,280223,2592.78,25.91,29.85,55.75,21.89,22.35
ela,11,2023,Not LCFF+,schools,all_schools_reporting,1236,288545,2592.57,26.18,29.69,55.87,21.58,22.55
ela,11,2024,Not LCFF+,schools,all_schools_reporting,1224,283316,2590.51,25.91,29.44,55.35,21.53,23.12
ela,11,2025,Not LCFF+,schools,all_schools_reporting,1223,281792,2593.37,26.94,29.19,56.13,21.14,22.73
ela,11,2015,LCFF+,students,all_schools_reporting,848,146442,2551.94,11.26,29.44,40.71,29.17,30.14
ela,11,2016,LCFF+,students,all_schools_reporting,867,146652,2560.81,14.06,30.41,44.48,27.31,28.21
ela,11,2017,LCFF+,students,all_schools_reporting,870,147933,2560.72,15.37,29.56,44.94,26.12,28.94
ela,11,2018,LCFF+,students,all_schools_reporting,872,147671,2553.08,14.47,27.78,42.24,25.96,31.79
ela,11,2019,LCFF+,students,all_schools_reporting,893,148058,2555.67,15.38,27.74,43.13,25.23,31.64
ela,11,2021,LCFF+,students,all_schools_reporting,540,73639,2568.36,17.97,29.04,47.01,25.91,27.08
ela,11,2022,LCFF+,students,all_schools_reporting,862,143417,2546.81,14.34,26.21,40.55,25.46,33.99
ela,11,2023,LCFF+,students,all_schools_reporting,875,147434,2548.52,14.82,26.61,41.43,24.97,33.61
ela,11,2024,LCFF+,students,all_schools_reporting,858,143567,2551.64,15.92,27.01,42.93,24.2,32.87
ela,11,2025,LCFF+,students,all_schools_reporting,862,141849,2556.67,16.99,27.67,44.66,23.97,31.37
ela,11,2015,Not LCFF+,students,all_schools_reporting,1138,281010,2611.95,28.35,35.1,63.43,21.92,14.64
ela,11,2016,Not LCFF+,students,all_schools_reporting,1187,288889,2619.67,31.4,34.93,66.32,20.03,13.63
ela,11,2017,Not LCFF+,students,all_schools_reporting,1189,294144,2624.11,34.01,33.42,67.42,18.95,13.63
ela,11,2018,Not LCFF+,students,all_schools_reporting,1203,289850,2613.22,31.38,31.8,63.18,20.27,16.55
ela,11,2019,Not LCFF+,students,all_schools_reporting,1225,289929,2618.08,33.16,31.52,64.69,19.44,15.88
ela,11,2021,Not LCFF+,students,all_schools_reporting,755,133178,2626.15,35.09,30.99,66.08,18.93,14.99
ela,11,2022,Not LCFF+,students,all_schools_reporting,1230,280223,2611.66,31.36,30.81,62.17,19.66,18.17
ela,11,2023,Not LCFF+,students,all_schools_reporting,1236,288545,2612.38,31.8,30.93,62.73,19.22,18.05
ela,11,2024,Not LCFF+,students,all_schools_reporting,1224,283316,2610.9,31.59,30.83,62.42,19.19,18.39
ela,11,2025,Not LCFF+,students,all_schools_reporting,1223,281792,2614.41,32.73,30.64,63.37,18.74,17.89
ela,11,2015,LCFF+,schools,same_schools_every_year,677,138404,2536.38,9.36,25.18,34.53,28.92,36.55
ela,11,2016,LCFF+,schools,same_schools_every_year,677,137262,2546.78,11.82,26.9,38.71,27.81,33.48
ela,11,2017,LCFF+,schools,same_schools_every_year,677,138299,2544.07,12.84,25.81,38.65,26.27,35.08
ela,11,2018,LCFF+,schools,same_schools_every_year,677,137428,2535.69,11.77,24.11,35.88,25.9,38.22
ela,11,2019,LCFF+,schools,same_schools_every_year,677,137043,2539.49,12.91,24.36,37.26,24.96,37.77
ela,11,2022,LCFF+,schools,same_schools_every_year,677,132406,2530.29,11.95,22.98,34.93,25.26,39.81
ela,11,2023,LCFF+,schools,same_schools_every_year,677,135663,2532.35,12.33,23.55,35.88,24.96,39.16
ela,11,2024,LCFF+,schools,same_schools_every_year,677,131995,2532.65,13.15,23.36,36.51,23.98,39.51
ela,11,2025,LCFF+,schools,same_schools_every_year,677,129915,2537.57,14.01,23.93,37.94,24.24,37.82
ela,11,2015,Not LCFF+,schools,same_schools_every_year,981,272966,2598.06,24.47,33.54,57.99,23.79,18.24
ela,11,2016,Not LCFF+,schools,same_schools_every_year,981,278331,2604.72,27.11,33.47,60.57,21.95,17.48
ela,11,2017,Not LCFF+,schools,same_schools_every_year,981,282290,2608.13,29.04,32.4,61.44,21.34,17.22
ela,11,2018,Not LCFF+,schools,same_schools_every_year,981,278834,2596.03,26.57,30.38,56.95,22.22,20.83
ela,11,2019,Not LCFF+,schools,same_schools_every_year,981,275752,2601.67,28.18,30.76,58.94,21.09,19.96
ela,11,2022,Not LCFF+,schools,same_schools_every_year,981,264859,2594.97,26.62,29.8,56.42,21.65,21.92
ela,11,2023,Not LCFF+,schools,same_schools_every_year,981,272718,2595.42,26.99,29.87,56.86,21.27,21.88
ela,11,2024,Not LCFF+,schools,same_schools_every_year,981,267545,2592.66,26.47,29.75,56.21,21.21,22.58
ela,11,2025,Not LCFF+,schools,same_schools_every_year,981,265618,2595.23,27.46,29.28,56.73,21.03,22.24
ela,11,2015,LCFF+,students,same_schools_every_year,677,138404,2555.01,11.69,30.19,41.9,29.15,28.96
ela,11,2016,LCFF+,students,same_schools_every_year,677,137262,2564.23,14.6,31.18,45.78,27.25,26.97
ela,11,2017,LCFF+,students,same_schools_every_year,677,138299,2563.51,15.9,30.13,46.03,25.94,28.03
ela,11,2018,LCFF+,students,same_schools_every_year,677,137428,2555.89,14.87,28.36,43.23,26.03,30.74
ela,11,2019,LCFF+,students,same_schools_every_year,677,137043,2558.47,15.88,28.3,44.18,25.11,30.71
ela,11,2022,LCFF+,students,same_schools_every_year,677,132406,2548.11,14.64,26.39,41.03,25.33,33.64
ela,11,2023,LCFF+,students,same_schools_every_year,677,135663,2550.38,15.16,26.99,42.16,24.83,33.02
ela,11,2024,LCFF+,students,same_schools_every_year,677,131995,2553.09,16.3,27.25,43.55,23.96,32.49
ela,11,2025,LCFF+,students,same_schools_every_year,677,129915,2558.84,17.44,28.04,45.48,23.81,30.71
ela,11,2015,Not LCFF+,students,same_schools_every_year,981,272966,2612.41,28.42,35.23,63.63,21.89,14.47
ela,11,2016,Not LCFF+,students,same_schools_every_year,981,278331,2620.61,31.62,35.08,66.7,19.94,13.35
ela,11,2017,Not LCFF+,students,same_schools_every_year,981,282290,2624.97,34.22,33.55,67.78,18.83,13.39
ela,11,2018,Not LCFF+,students,same_schools_every_year,981,278834,2613.74,31.49,31.92,63.41,20.21,16.39
ela,11,2019,Not LCFF+,students,same_schools_every_year,981,275752,2619.0,33.38,31.66,65.04,19.36,15.59
ela,11,2022,Not LCFF+,students,same_schools_every_year,981,264859,2612.13,31.51,30.81,62.32,19.59,18.09
ela,11,2023,Not LCFF+,students,same_schools_every_year,981,272718,2612.83,31.92,30.99,62.91,19.15,17.94
ela,11,2024,Not LCFF+,students,same_schools_every_year,981,267545,2611.24,31.7,30.88,62.58,19.12,18.3
ela,11,2025,Not LCFF+,students,same_schools_every_year,981,265618,2614.83,32.85,30.68,63.53,18.67,17.79
math,11,2015,LCFF+,schools,all_schools_reporting,761,142844,2493.07,2.55,9.3,11.84,19.73,68.45
math,11,2016,LCFF+,schools,all_schools_reporting,804,144596,2497.8,3.08,10.01,13.08,19.63,67.3
math,11,2017,LCFF+,schools,all_schools_reporting,802,145939,2492.96,3.09,9.7,12.79,19.02,68.19
math,11,2018,LCFF+,schools,all_schools_reporting,801,145445,2492.23,3.46,9.74,13.2,18.12,68.68
math,11,2019,LCFF+,schools,all_schools_reporting,805,145254,2493.97,3.85,10.2,14.05,17.83,68.12
math,11,2021,LCFF+,schools,all_schools_reporting,501,70571,2509.37,4.13,11.02,15.15,22.52,62.34
math,11,2022,LCFF+,schools,all_schools_reporting,813,142089,2475.37,2.69,7.16,9.86,16.46,73.69
math,11,2023,LCFF+,schools,all_schools_reporting,824,146004,2478.25,2.92,7.72,10.64,16.62,72.74
math,11,2024,LCFF+,schools,all_schools_reporting,815,142250,2480.4,3.26,8.17,11.42,16.65,71.92
math,11,2025,LCFF+,schools,all_schools_reporting,809,140302,2490.3,4.84,9.6,14.44,16.84,68.71
math,11,2015,Not LCFF+,schools,all_schools_reporting,1126,279352,2559.3,11.28,18.05,29.33,24.37,46.3
math,11,2016,Not LCFF+,schools,all_schools_reporting,1179,288452,2565.0,12.21,18.79,31.01,24.59,44.43
math,11,2017,Not LCFF+,schools,all_schools_reporting,1176,292992,2563.25,12.58,18.5,31.09,23.64,45.27
math,11,2018,Not LCFF+,schools,all_schools_reporting,1191,288535,2557.5,12.31,17.7,30.01,22.56,47.43
math,11,2019,Not LCFF+,schools,all_schools_reporting,1216,288444,2560.51,13.15,17.5,30.65,22.37,46.98
math,11,2021,Not LCFF+,schools,all_schools_reporting,737,128300,2576.38,15.92,18.43,34.36,24.05,41.59
math,11,2022,Not LCFF+,schools,all_schools_reporting,1223,277968,2548.55,12.02,15.52,27.54,21.94,50.51
math,11,2023,Not LCFF+,schools,all_schools_reporting,1234,287244,2546.46,11.95,15.26,27.21,21.6,51.19
math,11,2024,Not LCFF+,schools,all_schools_reporting,1212,282571,2547.72,12.16,15.62,27.78,21.09,51.13
math,11,2025,Not LCFF+,schools,all_schools_reporting,1206,281004,2555.83,14.52,15.95,30.46,20.42,49.12
math,11,2015,LCFF+,students,all_schools_reporting,761,142844,2515.27,3.62,12.22,15.81,23.88,60.33
math,11,2016,LCFF+,students,all_schools_reporting,804,144596,2520.6,4.33,13.51,17.86,23.58,58.57
math,11,2017,LCFF+,students,all_schools_reporting,802,145939,2515.9,4.37,12.98,17.35,22.73,59.92
math,11,2018,LCFF+,students,all_schools_reporting,801,145445,2513.88,4.6,12.72,17.32,21.63,61.04
math,11,2019,LCFF+,students,all_schools_reporting,805,145254,2515.27,5.19,13.06,18.25,21.01,60.74
math,11,2021,LCFF+,students,all_schools_reporting,501,70571,2533.15,6.01,14.66,20.67,25.55,53.79
math,11,2022,LCFF+,students,all_schools_reporting,813,142089,2492.82,3.71,9.29,12.99,19.02,67.99
math,11,2023,LCFF+,students,all_schools_reporting,824,146004,2494.69,3.8,9.67,13.48,19.28,67.24
math,11,2024,LCFF+,students,all_schools_reporting,815,142250,2499.24,4.27,10.47,14.74,19.42,65.84
math,11,2025,LCFF+,students,all_schools_reporting,809,140302,2508.97,5.85,11.7,17.55,19.74,62.71
math,11,2015,Not LCFF+,students,all_schools_reporting,1126,279352,2584.75,15.37,21.64,37.01,25.65,37.32
math,11,2016,Not LCFF+,students,all_schools_reporting,1179,288452,2592.94,16.77,23.13,39.9,25.4,34.72
math,11,2017,Not LCFF+,students,all_schools_reporting,1176,292992,2591.47,17.35,22.57,39.92,24.33,35.75
math,11,2018,Not LCFF+,students,all_schools_reporting,1191,288535,2587.49,17.25,21.62,38.87,23.7,37.43
math,11,2019,Not LCFF+,students,all_schools_reporting,1216,288444,2590.7,18.43,21.34,39.77,23.21,37.02
math,11,2021,Not LCFF+,students,all_schools_reporting,737,128300,2602.28,20.76,21.37,42.13,24.34,33.54
math,11,2022,Not LCFF+,students,all_schools_reporting,1223,277968,2572.04,16.1,18.24,34.34,22.56,43.1
math,11,2023,Not LCFF+,students,all_schools_reporting,1234,287244,2572.82,16.41,18.34,34.75,22.39,42.86
math,11,2024,Not LCFF+,students,all_schools_reporting,1212,282571,2574.0,16.58,18.35,34.93,22.18,42.9
math,11,2025,Not LCFF+,students,all_schools_reporting,1206,281004,2581.8,18.61,18.74,37.35,21.67,40.98
math,11,2015,LCFF+,schools,same_schools_every_year,571,132374,2509.68,3.25,11.56,14.79,22.53,62.69
math,11,2016,LCFF+,schools,same_schools_every_year,571,131605,2515.76,3.93,12.73,16.64,22.81,60.56
math,11,2017,LCFF+,schools,same_schools_every_year,571,132724,2510.11,4.01,12.15,16.15,21.84,62.01
math,11,2018,LCFF+,schools,same_schools_every_year,571,132135,2507.78,4.31,11.74,16.05,20.55,63.39
math,11,2019,LCFF+,schools,same_schools_every_year,571,131624,2509.42,4.72,12.28,17.0,20.01,62.99
math,11,2022,LCFF+,schools,same_schools_every_year,571,127552,2487.32,3.3,8.73,12.02,18.07,69.91
math,11,2023,LCFF+,schools,same_schools_every_year,571,130542,2489.67,3.48,9.13,12.61,18.36,69.03
math,11,2024,LCFF+,schools,same_schools_every_year,571,127298,2493.71,3.9,9.86,13.76,18.63,67.61
math,11,2025,LCFF+,schools,same_schools_every_year,571,125209,2503.63,5.6,11.03,16.63,18.8,64.57
math,11,2015,Not LCFF+,schools,same_schools_every_year,967,271457,2567.77,12.51,19.3,31.8,24.89,43.29
math,11,2016,Not LCFF+,schools,same_schools_every_year,967,277612,2575.36,13.68,20.6,34.28,24.92,40.83
math,11,2017,Not LCFF+,schools,same_schools_every_year,967,281180,2572.54,13.98,19.99,33.97,24.01,42.02
math,11,2018,Not LCFF+,schools,same_schools_every_year,967,277682,2568.4,13.84,19.23,33.07,23.22,43.71
math,11,2019,Not LCFF+,schools,same_schools_every_year,967,274310,2571.63,14.81,19.07,33.88,22.93,43.19
math,11,2022,Not LCFF+,schools,same_schools_every_year,967,262290,2555.38,13.18,16.38,29.56,22.04,48.4
math,11,2023,Not LCFF+,schools,same_schools_every_year,967,271249,2554.74,13.18,16.3,29.48,21.91,48.61
math,11,2024,Not LCFF+,schools,same_schools_every_year,967,266734,2554.54,13.31,16.27,29.58,21.44,48.98
math,11,2025,Not LCFF+,schools,same_schools_every_year,967,264855,2561.03,15.17,16.56,31.73,20.83,47.44
math,11,2015,LCFF+,students,same_schools_every_year,571,132374,2520.67,3.87,12.99,16.83,24.82,58.36
math,11,2016,LCFF+,students,same_schools_every_year,571,131605,2526.88,4.64,14.46,19.11,24.72,56.18
math,11,2017,LCFF+,students,same_schools_every_year,571,132724,2521.71,4.71,13.81,18.52,23.67,57.81
math,11,2018,LCFF+,students,same_schools_every_year,571,132135,2519.19,4.88,13.44,18.32,22.5,59.18
math,11,2019,LCFF+,students,same_schools_every_year,571,131624,2520.46,5.52,13.8,19.32,21.73,58.95
math,11,2022,LCFF+,students,same_schools_every_year,571,127552,2496.56,3.94,9.79,13.73,19.53,66.74
math,11,2023,LCFF+,students,same_schools_every_year,571,130542,2498.66,4.03,10.19,14.22,19.94,65.84
math,11,2024,LCFF+,students,same_schools_every_year,571,127298,2503.61,4.53,11.04,15.57,20.06,64.38
math,11,2025,LCFF+,students,same_schools_every_year,571,125209,2513.75,6.13,12.25,18.38,20.51,61.11
math,11,2015,Not LCFF+,students,same_schools_every_year,967,271457,2586.38,15.61,21.88,37.49,25.75,36.74
math,11,2016,Not LCFF+,students,same_schools_every_year,967,277612,2594.92,17.06,23.45,40.51,25.49,34.03
math,11,2017,Not LCFF+,students,same_schools_every_year,967,281180,2593.54,17.66,22.9,40.56,24.42,35.03
math,11,2018,Not LCFF+,students,same_schools_every_year,967,277682,2589.5,17.56,21.87,39.43,23.82,36.75
math,11,2019,Not LCFF+,students,same_schools_every_year,967,274310,2593.17,18.81,21.67,40.48,23.34,36.18
math,11,2022,Not LCFF+,students,same_schools_every_year,967,262290,2573.95,16.43,18.46,34.89,22.6,42.5
math,11,2023,Not LCFF+,students,same_schools_every_year,967,271249,2574.59,16.7,18.55,35.26,22.43,42.31
math,11,2024,Not LCFF+,students,same_schools_every_year,967,266734,2575.56,16.85,18.51,35.36,22.22,42.42
math,11,2025,Not LCFF+,students,same_schools_every_year,967,264855,2583.06,18.78,18.88,37.66,21.79,40.55
